{
  "arch": "mobilenetv2",
  "w_blink": 0.5,
  "k": 5,
  "cnn": {
    "acc_mean": 0.5666666666666667,
    "acc_std": 0.0726483157256779,
    "f1_mean": 0.5599573446359527,
    "auc_mean": 0.6319444444444444,
    "per_fold_acc": [
      0.625,
      0.625,
      0.5,
      0.625,
      0.4583333333333333
    ]
  },
  "blink": {
    "acc_mean": 0.6916666666666667,
    "acc_std": 0.042491829279939886,
    "f1_mean": 0.689693005866919,
    "auc_mean": 0.7402777777777777,
    "per_fold_acc": [
      0.6666666666666666,
      0.7083333333333334,
      0.75,
      0.625,
      0.7083333333333334
    ]
  },
  "ens": {
    "acc_mean": 0.6499999999999999,
    "acc_std": 0.0816496580927726,
    "f1_mean": 0.6450628019323672,
    "auc_mean": 0.7416666666666667,
    "per_fold_acc": [
      0.7916666666666666,
      0.625,
      0.625,
      0.6666666666666666,
      0.5416666666666666
    ]
  }
}