{
  "model": "temporal_blink_gru",
  "k": 5,
  "seeds": [
    0,
    1,
    2,
    3,
    4
  ],
  "per_seed_mean": [
    0.6583,
    0.7,
    0.7,
    0.725,
    0.6833
  ],
  "per_seed_folds": [
    [
      0.75,
      0.5,
      0.5417,
      0.875,
      0.625
    ],
    [
      0.625,
      0.7917,
      0.625,
      0.7083,
      0.75
    ],
    [
      0.5417,
      0.75,
      0.7917,
      0.7083,
      0.7083
    ],
    [
      0.5833,
      0.7917,
      0.875,
      0.6667,
      0.7083
    ],
    [
      0.5833,
      0.75,
      0.75,
      0.625,
      0.7083
    ]
  ],
  "acc_mean": 0.6933333333333334,
  "acc_std": 0.021984843263788186,
  "best_seed_mean": 0.725,
  "all_fold_acc": [
    0.75,
    0.5,
    0.5417,
    0.875,
    0.625,
    0.625,
    0.7917,
    0.625,
    0.7083,
    0.75,
    0.5417,
    0.75,
    0.7917,
    0.7083,
    0.7083,
    0.5833,
    0.7917,
    0.875,
    0.6667,
    0.7083,
    0.5833,
    0.75,
    0.75,
    0.625,
    0.7083
  ],
  "auc_mean": 0.7875000000000001
}