{
  "train_loss": [
    0.4480976963515502,
    0.3599122074799597,
    0.3464075761600531,
    0.33821675008653457,
    0.3401151806750196,
    0.3358186598722321,
    0.3381671709605026,
    0.33373020682278925,
    0.3317688538235771,
    0.3352801804147218,
    0.04836303919761477,
    0.01268937613511689,
    0.008767806627648943,
    0.008405582662275497,
    0.007551966759807383,
    0.00681007735196143,
    0.00658950595675762,
    0.0072649963014237776,
    0.00671440989642745,
    0.0038479510749405304,
    0.003054315466174114,
    0.0031800225024505827
  ],
  "val_loss": [
    0.8590662390806297,
    0.8078777700768608,
    0.9022969165027459,
    0.9512012952250811,
    0.9136552225398679,
    0.9492831108843213,
    0.9565504874590239,
    0.8986835011944095,
    0.9410415509253052,
    0.9571392826413572,
    2.173019533634774,
    1.333144410482288,
    2.321488728694326,
    1.3470763071869531,
    2.4752312055174768,
    2.0045757556178727,
    1.3385361122595678,
    1.6303471797179474,
    2.493117997496484,
    2.1401371884413827,
    1.850818868546495,
    2.2289670321733315
  ],
  "train_f1": [
    0.805964874631915,
    0.8479983268856958,
    0.8512799247400094,
    0.8550243759055886,
    0.8539070753395199,
    0.8551174510126732,
    0.8537419945403766,
    0.8569355485197901,
    0.8561883500612484,
    0.8555952773031794,
    0.9805829730766714,
    0.9951711874100644,
    0.9967232119825867,
    0.9970451788448402,
    0.9971026186988554,
    0.9974016066586582,
    0.9975970520566988,
    0.9975165303133047,
    0.9974130943194126,
    0.9984708131674869,
    0.9988502109917926,
    0.9987467503882803
  ],
  "val_f1": [
    0.5036759088740974,
    0.558086829287612,
    0.5344982802348592,
    0.5401617706796371,
    0.5494584092802439,
    0.5321152203268043,
    0.5362099502125907,
    0.5589587795022601,
    0.5547187291498143,
    0.5458152327299491,
    0.5981392788103979,
    0.6726815260097923,
    0.6703294222723355,
    0.6812780098178596,
    0.5532950403579522,
    0.6386034838227309,
    0.6598817444824049,
    0.5807750354170156,
    0.5727748572973652,
    0.6048227499979999,
    0.6728419363275109,
    0.6318036941266891
  ],
  "phase": [
    "fase1_cabeza",
    "fase1_cabeza",
    "fase1_cabeza",
    "fase1_cabeza",
    "fase1_cabeza",
    "fase1_cabeza",
    "fase1_cabeza",
    "fase1_cabeza",
    "fase1_cabeza",
    "fase1_cabeza",
    "fase2_finetune",
    "fase2_finetune",
    "fase2_finetune",
    "fase2_finetune",
    "fase2_finetune",
    "fase2_finetune",
    "fase2_finetune",
    "fase2_finetune",
    "fase2_finetune",
    "fase2_finetune",
    "fase2_finetune",
    "fase2_finetune"
  ]
}