{
  "train_loss": [
    0.48266365426651975,
    0.4267091194846922,
    0.4200755315542396,
    0.4138396124322014,
    0.4163006910574585,
    0.4164657288846599,
    0.41283884073825594,
    0.4174726354839692,
    0.41870585239204694,
    0.4147634501415233,
    0.19434571952196228,
    0.08583910067675748,
    0.0578685901438652,
    0.046341342433346866,
    0.040012759912925785,
    0.03353685221784446,
    0.03036607296553851,
    0.02819045414698535,
    0.025412655652105064
  ],
  "val_loss": [
    0.7684288931691442,
    0.9058537669678588,
    0.8733829931705466,
    0.8390472393171563,
    0.8629728851052665,
    0.8092962788913683,
    0.8137277252022586,
    0.8143739164511551,
    0.8401478657760632,
    0.8343144762812809,
    1.0436310990783648,
    1.334651455916376,
    1.3896596656730493,
    1.4957560128315668,
    1.5833095131508474,
    1.955891905321282,
    1.8900759078006888,
    2.0479703297997007,
    1.9156092163440332
  ],
  "train_f1": [
    0.7691291277368798,
    0.8020732680489386,
    0.8043628517311774,
    0.8089835539960338,
    0.8063178198574501,
    0.8061848710414068,
    0.8088942878231004,
    0.805805467534615,
    0.80574077455754,
    0.8088450842609849,
    0.9198463392610065,
    0.9664896521234143,
    0.9778003022061894,
    0.9825949936575147,
    0.9848933500200583,
    0.987502990676429,
    0.9884680919148578,
    0.9892504760270675,
    0.9906184232724966
  ],
  "val_f1": [
    0.6280019473970502,
    0.5850788418219337,
    0.6093191795144246,
    0.6078523436116807,
    0.6131080575326325,
    0.6288382706629618,
    0.642108351306069,
    0.628715106665384,
    0.6217879527015844,
    0.6236199291159896,
    0.6543128790372786,
    0.6173777508283304,
    0.6223863455664098,
    0.5860203530567082,
    0.5732403569754949,
    0.6096361279148776,
    0.605268579512453,
    0.6004876677788729,
    0.5851751488977334
  ],
  "phase": [
    "fase1_cabeza",
    "fase1_cabeza",
    "fase1_cabeza",
    "fase1_cabeza",
    "fase1_cabeza",
    "fase1_cabeza",
    "fase1_cabeza",
    "fase1_cabeza",
    "fase1_cabeza",
    "fase1_cabeza",
    "fase2_finetune",
    "fase2_finetune",
    "fase2_finetune",
    "fase2_finetune",
    "fase2_finetune",
    "fase2_finetune",
    "fase2_finetune",
    "fase2_finetune",
    "fase2_finetune"
  ]
}