{
  "train_loss": [
    0.010065593000477439,
    0.0015162707257347075,
    4.02212363444217e-05,
    3.8848741531453806e-05,
    4.650530828357735e-05,
    0.01232079537680147,
    0.0006799629394037537,
    0.00044061006163172893,
    0.00037872767029356385,
    0.0015861277002410044,
    2.598581658066594e-05,
    4.6374972059162486e-05,
    5.2434829072180855e-05,
    9.61067608175058e-05,
    3.5654230319865936e-05,
    3.738816858517343e-05,
    3.453227350977551e-05,
    3.0037190052462057e-05,
    3.2189651069828326e-05,
    3.1343540803652736e-05,
    0.00034099879031061417,
    2.676644444405841e-05,
    7.739118907627995e-05,
    3.5114535351262205e-05,
    1.955375309543991e-05,
    2.332978729394903e-05,
    2.3878061803634534e-05,
    2.487481026481361e-05,
    2.406299610473181e-05,
    2.4961157049011816e-05,
    2.0938940781465763e-05
  ],
  "val_loss": [
    3.064263175882185,
    2.5926786629802065,
    1.9019638296191166,
    2.1592351343782243,
    1.8950166519773515,
    7.1490731734364585,
    2.7199410982505694,
    3.4974080881053062,
    3.8793867216213336,
    3.115274141479879,
    2.3527199988035172,
    1.6728874075051168,
    1.824657084178046,
    3.006810026578469,
    1.650084639494688,
    1.6593438036241657,
    1.4799229450242402,
    1.648168312020526,
    2.4859201541165756,
    2.116430529619036,
    1.5115586016042302,
    1.7148537063309692,
    3.640515494521417,
    3.605346193036029,
    2.503405879295471,
    2.699608341676413,
    2.0644324370550313,
    2.1626477951153285,
    2.183369222167584,
    2.206375759635797,
    1.8377419105471655
  ],
  "train_f1": [
    0.9978657874291146,
    0.9997216358592755,
    1.0,
    1.0,
    1.0,
    0.9984226353721026,
    0.9999072100543167,
    0.9999072119530918,
    0.999814422009021,
    0.9994432774003654,
    1.0,
    1.0,
    1.0,
    1.0,
    1.0,
    1.0,
    1.0,
    1.0,
    1.0,
    1.0,
    0.9999072100543167,
    1.0,
    1.0,
    1.0,
    1.0,
    1.0,
    1.0,
    1.0,
    1.0,
    1.0,
    1.0
  ],
  "val_f1": [
    0.6947929883923116,
    0.6587536196911197,
    0.6770655473344717,
    0.6559763607245168,
    0.6431587149147444,
    0.6551003995037834,
    0.6518797661790452,
    0.5983590262034912,
    0.5778562786106504,
    0.6507723123664081,
    0.613414671158457,
    0.6412095263580412,
    0.6351839842436471,
    0.5680243170618973,
    0.6223262263823887,
    0.6236574690770695,
    0.6614840481875797,
    0.6513383891865423,
    0.6221408642311593,
    0.6290147361232196,
    0.7473620741634006,
    0.704390770252324,
    0.634482853614079,
    0.6136288485988795,
    0.6598172787024326,
    0.6277967983714259,
    0.6542751665080875,
    0.6247201074787282,
    0.6416177908113392,
    0.6184765917386238,
    0.678680981595092
  ],
  "phase": [
    "fase1_temporal",
    "fase1_temporal",
    "fase1_temporal",
    "fase1_temporal",
    "fase1_temporal",
    "fase1_temporal",
    "fase1_temporal",
    "fase1_temporal",
    "fase1_temporal",
    "fase1_temporal",
    "fase1_temporal",
    "fase1_temporal",
    "fase1_temporal",
    "fase1_temporal",
    "fase1_temporal",
    "fase2_finetune",
    "fase2_finetune",
    "fase2_finetune",
    "fase2_finetune",
    "fase2_finetune",
    "fase2_finetune",
    "fase2_finetune",
    "fase2_finetune",
    "fase2_finetune",
    "fase2_finetune",
    "fase2_finetune",
    "fase2_finetune",
    "fase2_finetune",
    "fase2_finetune",
    "fase2_finetune",
    "fase2_finetune"
  ],
  "config": {
    "train_stride": 8,
    "dropout": 0.5,
    "lr_finetune": 1e-05,
    "weight_decay": 0.0005,
    "epochs_frozen": 15
  }
}