{
  "train_loss": [
    0.008067930221822759,
    0.00385994276272472,
    0.0014699737915666717,
    0.003871626278106835,
    0.0028155467533194133,
    0.00044536068193355184,
    4.431115536180784e-05,
    0.008277826730423848,
    0.0024481948457516097,
    0.0022580494190643416,
    0.004327146890366236,
    3.127275804071177e-05,
    3.2171101753018576e-05,
    0.0063649188573214645,
    0.00016768730877148976,
    0.0001396196284283495,
    3.2865401438508863e-05,
    0.008941881310305776,
    0.0014826963792493506,
    0.0007607803115880723,
    7.961589649006511e-05,
    2.392406968863171e-05,
    5.5816845251875954e-05,
    2.6203541484434825e-05,
    2.0895889783091444e-05,
    0.00473024171105972,
    0.00064137916510163,
    0.00021398587648303752,
    0.0002481461797176698,
    0.001366300242287098,
    5.5592397373787384e-05,
    0.000211214012010287,
    1.978954275780438e-05,
    1.9509250728683105e-05
  ],
  "val_loss": [
    4.452219061463245,
    3.1171129948311895,
    2.8260890148313487,
    4.0363004245265035,
    3.9846283372046125,
    2.5481162465373077,
    1.937892339863872,
    5.7194678854415555,
    5.229575660375062,
    1.82950050811702,
    2.9444602602177334,
    2.388909690691285,
    2.1913871391268582,
    2.3822074274319065,
    1.8304876913499837,
    1.9229188944162308,
    1.7404900041610636,
    3.4524585744815828,
    4.0670537150198065,
    2.6863719165743087,
    2.2838616659369966,
    1.6521582895675107,
    1.1970203494038634,
    1.6166812753446052,
    1.420401151487192,
    1.5638829994457424,
    1.486678489062259,
    3.6471409400776635,
    1.466126712411639,
    1.882729766246659,
    1.870526361300249,
    3.7922932178124227,
    3.5114842109262865,
    3.106408065292484
  ],
  "train_f1": [
    0.9986526150102297,
    0.9993030482419043,
    0.9998141471502593,
    0.9995818417754594,
    0.9997212207253889,
    0.999953537025467,
    1.0,
    0.9986990300518153,
    0.9995353678756482,
    0.9995353678756482,
    0.9986990300518153,
    1.0,
    1.0,
    0.9979556186528524,
    0.999953537025467,
    0.999953537025467,
    1.0,
    0.9979092301882875,
    0.9993495283314211,
    0.9996747591782684,
    0.9999535375006638,
    1.0,
    1.0,
    1.0,
    1.0,
    0.9987454996876071,
    0.9998141490526664,
    0.9999070735751296,
    0.9999070754759173,
    0.9996283019036691,
    1.0,
    0.9999070735751296,
    1.0,
    1.0
  ],
  "val_f1": [
    0.5943385353034738,
    0.6270113521411711,
    0.6219374377437208,
    0.6389606946377676,
    0.6322568987325434,
    0.6453798476273074,
    0.657106813814049,
    0.6052514055340418,
    0.6261936763765061,
    0.6713280230476857,
    0.6802457241684807,
    0.6883310088331009,
    0.7169528934234817,
    0.6775021805251983,
    0.705919476404556,
    0.7502800127418643,
    0.7071926483691189,
    0.6493931930803241,
    0.6532818719384397,
    0.5990088011620952,
    0.6543284905441569,
    0.7167921421432217,
    0.7797634691195795,
    0.7420381249388655,
    0.741955350269438,
    0.7803845606039026,
    0.7776325775949143,
    0.6214177682622617,
    0.749287668110326,
    0.718447940178156,
    0.7626993903832636,
    0.5967707442258341,
    0.5912733322561147,
    0.5814111140843814
  ],
  "phase": [
    "fase1_temporal",
    "fase1_temporal",
    "fase1_temporal",
    "fase1_temporal",
    "fase1_temporal",
    "fase1_temporal",
    "fase1_temporal",
    "fase1_temporal",
    "fase1_temporal",
    "fase1_temporal",
    "fase2_finetune",
    "fase2_finetune",
    "fase2_finetune",
    "fase2_finetune",
    "fase2_finetune",
    "fase2_finetune",
    "fase2_finetune",
    "fase2_finetune",
    "fase2_finetune",
    "fase2_finetune",
    "fase2_finetune",
    "fase2_finetune",
    "fase2_finetune",
    "fase2_finetune",
    "fase2_finetune",
    "fase2_finetune",
    "fase2_finetune",
    "fase2_finetune",
    "fase2_finetune",
    "fase2_finetune",
    "fase2_finetune",
    "fase2_finetune",
    "fase2_finetune",
    "fase2_finetune"
  ]
}